strategy_title,name,start_date,end_date,planning_deadline,actuals_deadline,status,is_locked
Amtsstrategie 2020 - 2024,2026-01,2026-01-01,2026-01-31,2026-01-10,2026-02-05,closed,true
Amtsstrategie 2020 - 2024,2026-02,2026-02-01,2026-02-28,2026-02-10,2026-03-05,open_for_actuals,false
Amtsstrategie 2020 - 2024,2026-03,2026-03-01,2026-03-31,2026-03-10,2026-04-05,draft,false
Kommunikationsstrategie 2020 - 2024,2026-01,2026-01-01,2026-01-31,2026-01-10,2026-02-05,closed,true
Kommunikationsstrategie 2020 - 2024,2026-02,2026-02-01,2026-02-28,2026-02-10,2026-03-05,open_for_actuals,false
Kommunikationsstrategie 2020 - 2024,2026-03,2026-03-01,2026-03-31,2026-03-10,2026-04-05,draft,false
Datenstrategie 2020 - 2024,2026-01,2026-01-01,2026-01-31,2026-01-10,2026-02-05,closed,true
Datenstrategie 2020 - 2024,2026-02,2026-02-01,2026-02-28,2026-02-10,2026-03-05,open_for_actuals,false
Datenstrategie 2020 - 2024,2026-03,2026-03-01,2026-03-31,2026-03-10,2026-04-05,draft,false
